{"cameraMode":{"drawMode":0,"name":"Shaded","section":"Shading Mode"},"sceneLighting":true,"audioPlay":false,"sceneViewState":{"m_AlwaysRefresh":false,"showFog":true,"showSkybox":true,"showFlares":true,"showImageEffects":true,"showParticleSystems":true,"showVisualEffectGraphs":true,"m_FxEnabled":true},"in2DMode":false,"pivot":{"x":3.5549063682556154,"y":1.9712520837783814,"z":-4.275277614593506},"rotation":{"x":0.17193453013896943,"y":-0.48745018243789675,"z":0.09855734556913376,"w":0.8503630757331848},"size":10.522892951965332,"orthographic":true}